{
	"credit": "Made with Blockbench",
	"textures": {
		"0": "item/chromaticpick"
	},
	"elements": [
		{
			"from": [7, 10, 5],
			"to": [9, 12, 11],
			"rotation": {"angle": 0, "axis": "y", "origin": [7, 10, 7]},
			"faces": {
				"north": {"uv": [12, 6, 14, 8], "texture": "#0"},
				"east": {"uv": [8, 0, 14, 2], "texture": "#0"},
				"south": {"uv": [7, 12, 9, 14], "texture": "#0"},
				"west": {"uv": [8, 2, 14, 4], "texture": "#0"},
				"up": {"uv": [10, 10, 8, 4], "texture": "#0"},
				"down": {"uv": [2, 10, 0, 16], "texture": "#0"}
			}
		},
		{
			"from": [6.8, 11, 3],
			"to": [9, 13, 6],
			"rotation": {"angle": -22.5, "axis": "x", "origin": [9, 10, 8]},
			"faces": {
				"north": {"uv": [14, 11, 12, 13], "texture": "#0"},
				"east": {"uv": [13, 4, 10, 6], "texture": "#0"},
				"south": {"uv": [6, 13, 4, 15], "texture": "#0"},
				"west": {"uv": [5, 10, 2, 12], "texture": "#0"},
				"up": {"uv": [5, 13, 7, 10], "texture": "#0"},
				"down": {"uv": [10, 6, 12, 9], "texture": "#0"}
			}
		},
		{
			"from": [7, 7.9, 11],
			"to": [9.2, 10, 14],
			"rotation": {"angle": 22.5, "axis": "x", "origin": [7, 11, 16]},
			"faces": {
				"north": {"uv": [13, 4, 15, 6], "texture": "#0"},
				"east": {"uv": [7, 10, 10, 12], "texture": "#0"},
				"south": {"uv": [13, 8, 15, 10], "texture": "#0"},
				"west": {"uv": [10, 9, 13, 11], "texture": "#0"},
				"up": {"uv": [12, 14, 10, 11], "texture": "#0"},
				"down": {"uv": [4, 12, 2, 15], "texture": "#0"}
			}
		},
		{
			"from": [7, 0, 7],
			"to": [9, 10, 9],
			"rotation": {"angle": 0, "axis": "y", "origin": [7, 0, 7]},
			"faces": {
				"north": {"uv": [0, 0, 2, 10], "texture": "#0"},
				"east": {"uv": [2, 0, 4, 10], "texture": "#0"},
				"south": {"uv": [4, 0, 6, 10], "texture": "#0"},
				"west": {"uv": [6, 0, 8, 10], "texture": "#0"},
				"up": {"uv": [14, 15, 12, 13], "texture": "#0"},
				"down": {"uv": [16, 0, 14, 2], "texture": "#0"}
			}
		}
	],
	"display": {
		"thirdperson_righthand": {
			"translation": [0, 3.75, 0.25]
		},
		"thirdperson_lefthand": {
			"translation": [0, 4.25, 0]
		},
		"firstperson_righthand": {
			"translation": [0, 4.25, 0]
		},
		"firstperson_lefthand": {
			"translation": [0, 4.25, 0]
		},
		"ground": {
			"rotation": [-4.74, -51.68, -91.79],
			"translation": [0, -2.75, 0.75]
		},
		"gui": {
			"rotation": [90, 51.75, -90],
			"translation": [0.75, 0.75, 0],
			"scale": [1.15625, 1.15625, 1.15625]
		},
		"head": {
			"rotation": [-131.5, 0, 0],
			"translation": [0, 10.25, 1.5]
		},
		"fixed": {
			"rotation": [86.46, -50.35, 89.05],
			"scale": [1.29297, 1.29297, 1.29297]
		}
	},
	"groups": [
		{
			"name": "pick",
			"origin": [7, 10, 7],
			"color": 0,
			"children": [0, 1, 2]
		},
		{
			"name": "staff",
			"origin": [7, 0, 7],
			"color": 0,
			"children": [3]
		}
	]
}